{"cameraMode":{"drawMode":0,"name":"Shaded","section":"Shading Mode"},"sceneLighting":true,"audioPlay":false,"sceneViewState":{"m_AlwaysRefresh":false,"showFog":true,"showSkybox":true,"showFlares":true,"showImageEffects":true,"showParticleSystems":true,"showVisualEffectGraphs":true,"m_FxEnabled":true},"in2DMode":false,"pivot":{"x":25.865535736083986,"y":0.5173676013946533,"z":12.545373916625977},"rotation":{"x":-0.21732039749622346,"y":-0.2616714835166931,"z":-0.004880347289144993,"w":-0.9434321522712708},"size":2.0819897651672365,"orthographic":false}